ChangeID,timestamp,record_id,record_name,column_changed,old_value,new_value,feedback_source,notes,changed_by,RuleAction
v0_10_1,2025-06-27T13:04:34.048272,NYC_GOID_000337,Nightlife Advisory Board,OperationalStatus,Dissolved,Active,NYCGO_v0_9_Edits_to_Implement.csv,"Set to ""Active""",v0_10_recovery_run,direct_set
v0_10_2,2025-06-27T13:04:34.048552,NYC_GOID_000025,Board of Standards and Appeals,NameAlphabetized,Board of Standards and Appeals,"Standards and Appeals, Board of",NYCGO_v0_9_Edits_to_Implement.csv,"Set to ""Standards and Appeals, Board of""",v0_10_recovery_run,direct_set
v0_10_3,2025-06-27T13:04:34.048779,NYC_GOID_000168,Bronx County District Attorney's Office,Name,Bronx County District Attorney's Office,Bronx District Attorney's Office,NYCGO_v0_9_Edits_to_Implement.csv,"Set to ""Bronx District Attorney's Office""",v0_10_recovery_run,direct_set
v0_10_4,2025-06-27T13:04:34.049015,NYC_GOID_000168,Bronx District Attorney's Office,NameAlphabetized,District Attorney - Bronx County,"District Attorney's Office, Bronx",NYCGO_v0_9_Edits_to_Implement.csv,"Set to ""District Attorney's Office, Bronx""",v0_10_recovery_run,direct_set
v0_10_5,2025-06-27T13:04:34.049253,NYC_GOID_000168,Bronx District Attorney's Office,AlternateOrFormerNames,,Bronx County District Attorney's Office,NYCGO_v0_9_Edits_to_Implement.csv,"Set to ""Bronx County District Attorney's Office""",v0_10_recovery_run,direct_set
v0_10_6,2025-06-27T13:04:34.049631,NYC_GOID_000395,Bronx County Public Administrator,NameAlphabetized,Public Administrator - Bronx County,"Public Administrator, Bronx County",NYCGO_v0_9_Edits_to_Implement.csv,"Set to ""Public Administrator, Bronx County""",v0_10_recovery_run,direct_set
v0_10_7,2025-06-27T13:04:34.049955,NYC_GOID_000169,Brooklyn District Attorney's Office,NameAlphabetized,District Attorney - Brooklyn,"District Attorney's Office, Brooklyn",NYCGO_v0_9_Edits_to_Implement.csv,"Set to ""District Attorney's Office, Brooklyn""",v0_10_recovery_run,direct_set
v0_10_8,2025-06-27T13:04:34.050238,NYC_GOID_000169,Brooklyn District Attorney's Office,AlternateOrFormerNames,District Attorney - Kings County,Kings County District Attorney's Office,NYCGO_v0_9_Edits_to_Implement.csv,"Set to ""Kings County District Attorney's Office""",v0_10_recovery_run,direct_set
v0_10_9,2025-06-27T13:04:34.050507,NYC_GOID_000120,Community Services Board - Developmental Disabilities Subcommittee,NameAlphabetized,Advisory or Regulatory Organization,Community Services Board - Developmental Disabilities Subcommittee,NYCGO_v0_9_Edits_to_Implement.csv,"Set to ""Community Services Board - Developmental Disabilities Subcommittee""",v0_10_recovery_run,direct_set
v0_10_10,2025-06-27T13:04:34.050766,NYC_GOID_000122,Community Services Board - Substance Use Subcommittee,NameAlphabetized,Advisory or Regulatory Organization,Community Services Board - Substance Use Subcommittee,NYCGO_v0_9_Edits_to_Implement.csv,"Set to ""Community Services Board - Substance Use Subcommittee""",v0_10_recovery_run,direct_set
v0_10_11,2025-06-27T13:04:34.050998,NYC_GOID_000100,CUNY Construction Fund - Board of Trustees,Name,CUNY Construction Fund - Board of Trustees,City University Construction Fund,NYCGO_v0_9_Edits_to_Implement.csv,"Set to ""City University Construction Fund""",v0_10_recovery_run,direct_set
v0_10_12,2025-06-27T13:04:34.051216,NYC_GOID_000127,Council for Airport Opportunity - Board of Directors,Name,Council for Airport Opportunity - Board of Directors,Council for Airport Opportunity,NYCGO_v0_9_Edits_to_Implement.csv,"Set to ""Council for Airport Opportunity""",v0_10_recovery_run,direct_set
v0_10_13,2025-06-27T13:04:34.051449,NYC_GOID_000127,Council for Airport Opportunity,NameAlphabetized,"Airport Opportunity, Council for - Board of Directors","Airport Opportunity, Council for",NYCGO_v0_9_Edits_to_Implement.csv,"Set to ""Airport Opportunity, Council for""",v0_10_recovery_run,direct_set
v0_10_14,2025-06-27T13:04:34.051670,NYC_GOID_000127,Council for Airport Opportunity,Acronym,,CAO,NYCGO_v0_9_Edits_to_Implement.csv,"Set to ""CAO""",v0_10_recovery_run,direct_set
v0_10_15,2025-06-27T13:04:34.051897,NYC_GOID_000127,Council for Airport Opportunity,OrganizationType,Advisory or Regulatory Organization,Nonprofit Organization,NYCGO_v0_9_Edits_to_Implement.csv,"Set to ""Nonprofit Organization""",v0_10_recovery_run,direct_set
v0_10_16,2025-06-27T13:04:34.052109,NYC_GOID_000130,Cultural Institutions Retirement System - Board of Trustees,Name,Cultural Institutions Retirement System - Board of Trustees,Cultural Institutions Retirement System,NYCGO_v0_9_Edits_to_Implement.csv,"Set to ""Cultural Institutions Retirement System""",v0_10_recovery_run,direct_set
v0_10_17,2025-06-27T13:04:34.052334,NYC_GOID_000130,Cultural Institutions Retirement System,NameAlphabetized,Cultural Institutions Retirement System - Board of Trustees,Cultural Institutions Retirement System,NYCGO_v0_9_Edits_to_Implement.csv,"Set to ""Cultural Institutions Retirement System""",v0_10_recovery_run,direct_set
v0_10_18,2025-06-27T13:04:34.052552,NYC_GOID_000130,Cultural Institutions Retirement System,URL,https://cirsplans.org/about/,https://cirsplans.org/,NYCGO_v0_9_Edits_to_Implement.csv,"Set to ""https://cirsplans.org/""",v0_10_recovery_run,direct_set
v0_10_19,2025-06-27T13:04:34.052772,NYC_GOID_000130,Cultural Institutions Retirement System,Acronym,,CIRS,NYCGO_v0_9_Edits_to_Implement.csv,"Set to ""CIRS""",v0_10_recovery_run,direct_set
v0_10_20,2025-06-27T13:04:34.053001,NYC_GOID_000246,Deputy Mayor for Administration and Chief of Staff,NameAlphabetized,"Chief of Staff, Mayor's Office","Administration and Chief of Staff, Deputy Mayor for",NYCGO_v0_9_Edits_to_Implement.csv,"Set to ""Administration and Chief of Staff, Deputy Mayor for""",v0_10_recovery_run,direct_set
v0_10_21,2025-06-27T13:04:34.053216,NYC_GOID_000191,Fire Department,Name,Fire Department,Fire Department of the City of New York,NYCGO_v0_9_Edits_to_Implement.csv,"Set to ""Fire Department of the City of New York""",v0_10_recovery_run,direct_set
v0_10_22,2025-06-27T13:04:34.053438,NYC_GOID_000191,Fire Department of the City of New York,AlternateOrFormerNames,,Fire Department,NYCGO_v0_9_Edits_to_Implement.csv,"Set to ""Fire Department""",v0_10_recovery_run,direct_set
v0_10_23,2025-06-27T13:04:34.053660,NYC_GOID_000191,Fire Department of the City of New York,NameAlphabetized,Fire Department,Fire Department of the City of New York,NYCGO_v0_9_Edits_to_Implement.csv,"Set to ""Fire Department of the City of New York""",v0_10_recovery_run,direct_set
v0_10_24,2025-06-27T13:04:34.053869,NYC_GOID_000216,Housing Preservation and Development,Name,Housing Preservation and Development,Department of Housing Preservation and Development,NYCGO_v0_9_Edits_to_Implement.csv,"Set to ""Department of Housing Preservation and Development""",v0_10_recovery_run,direct_set
v0_10_25,2025-06-27T13:04:34.054094,NYC_GOID_000216,Department of Housing Preservation and Development,AlternateOrFormerNames,Department of Housing Preservation and Development,Housing Preservation and Development,NYCGO_v0_9_Edits_to_Implement.csv,"Set to ""Housing Preservation and Development""",v0_10_recovery_run,direct_set
v0_10_26,2025-06-27T13:04:34.054323,NYC_GOID_000234,Kings County Public Administrator,NameAlphabetized,Public Administrator - Kings County,"Public Administrator, Kings County",NYCGO_v0_9_Edits_to_Implement.csv,"Set to ""Public Administrator, Kings County""",v0_10_recovery_run,direct_set
v0_10_27,2025-06-27T13:04:34.054549,NYC_GOID_000170,Manhattan District Attorney's Office,NameAlphabetized,District Attorney - Manhattan,"District Attorney's Office, Manhattan",NYCGO_v0_9_Edits_to_Implement.csv,"Set to ""District Attorney's Office, Manhattan""",v0_10_recovery_run,direct_set
v0_10_28,2025-06-27T13:04:34.054773,NYC_GOID_000170,Manhattan District Attorney's Office,AlternateOrFormerNames,District Attorney - New York County,New York County District Attorney's Office,NYCGO_v0_9_Edits_to_Implement.csv,"Set to ""New York County District Attorney's Office""",v0_10_recovery_run,direct_set
v0_10_29,2025-06-27T13:04:34.054995,NYC_GOID_000259,Mayor's Office of Animal Welfare,NameAlphabetized,"Animal Welfare, Office of","Animal Welfare, Mayor's Office of",NYCGO_v0_9_Edits_to_Implement.csv,"Set to ""Animal Welfare, Mayor's Office of""",v0_10_recovery_run,direct_set
v0_10_30,2025-06-27T13:04:34.055221,NYC_GOID_000265,Mayor's Office of Correspondence,NameAlphabetized,"Correspondence, Office of","Correspondence, Mayor's Office of",NYCGO_v0_9_Edits_to_Implement.csv,"Set to ""Correspondence, Mayor's Office of""",v0_10_recovery_run,direct_set
v0_10_31,2025-06-27T13:04:34.055444,NYC_GOID_000269,Mayor's Office of Food Policy,NameAlphabetized,"Food Policy, Office of","Food Policy, Mayor's Office of",NYCGO_v0_9_Edits_to_Implement.csv,"Set to ""Food Policy, Mayor's Office of""",v0_10_recovery_run,direct_set
v0_10_32,2025-06-27T13:04:34.055650,NYC_GOID_000308,Municipal Water Finance Authority,Name,Municipal Water Finance Authority,New York City Municipal Water Finance Authority,NYCGO_v0_9_Edits_to_Implement.csv,"Set to ""New York City Municipal Water Finance Authority""",v0_10_recovery_run,direct_set
v0_10_33,2025-06-27T13:04:34.055873,NYC_GOID_000308,New York City Municipal Water Finance Authority,NameAlphabetized,"Municipal Water Finance Authority, NYC","Municipal Water Finance Authority, New York City",NYCGO_v0_9_Edits_to_Implement.csv,"Set to ""Municipal Water Finance Authority, New York City""",v0_10_recovery_run,direct_set
v0_10_34,2025-06-27T13:04:34.056100,NYC_GOID_000240,New York City Loft Board,NameAlphabetized,New York City Loft Board,"Loft Board, New York City",NYCGO_v0_9_Edits_to_Implement.csv,"Set to ""Loft Board, New York City""",v0_10_recovery_run,direct_set
v0_10_35,2025-06-27T13:04:34.056325,NYC_GOID_000334,New York County Public Administrator,NameAlphabetized,Public Administrator - New York County,"Public Administrator, New York County",NYCGO_v0_9_Edits_to_Implement.csv,"Set to ""Public Administrator, New York County""",v0_10_recovery_run,direct_set
v0_10_36,2025-06-27T13:04:34.056531,NYC_GOID_000343,Office of the Actuary,Name,Office of the Actuary,New York City Office of the Actuary,NYCGO_v0_9_Edits_to_Implement.csv,"Set to ""New York City Office of the Actuary""",v0_10_recovery_run,direct_set
v0_10_37,2025-06-27T13:04:34.056776,NYC_GOID_000027,Office of the Borough President of Brooklyn,NameAlphabetized,Borough President - Brooklyn,"Borough President, Brooklyn",NYCGO_v0_9_Edits_to_Implement.csv,"Set to ""Borough President, Brooklyn""",v0_10_recovery_run,direct_set
v0_10_38,2025-06-27T13:04:34.057007,NYC_GOID_000028,Office of the Borough President of Manhattan,NameAlphabetized,Borough President - Manhattan,"Borough President, Manhattan",NYCGO_v0_9_Edits_to_Implement.csv,"Set to ""Borough President, Manhattan""",v0_10_recovery_run,direct_set
v0_10_39,2025-06-27T13:04:34.057233,NYC_GOID_000029,Office of the Borough President of Queens,NameAlphabetized,Borough President - Queens,"Borough President, Queens",NYCGO_v0_9_Edits_to_Implement.csv,"Set to ""Borough President, Queens""",v0_10_recovery_run,direct_set
v0_10_40,2025-06-27T13:04:34.057455,NYC_GOID_000030,Office of the Borough President of Staten Island,NameAlphabetized,Borough President - Staten Island,"Borough President, Staten Island",NYCGO_v0_9_Edits_to_Implement.csv,"Set to ""Borough President, Staten Island""",v0_10_recovery_run,direct_set
v0_10_41,2025-06-27T13:04:34.057677,NYC_GOID_000026,Office of the Borough President of The Bronx,NameAlphabetized,Borough President - Bronx,"Borough President, Bronx",NYCGO_v0_9_Edits_to_Implement.csv,"Set to ""Borough President, Bronx""",v0_10_recovery_run,direct_set
v0_10_42,2025-06-27T13:04:34.057884,NYC_GOID_000172,Office of the District Attorney Richmond County,Name,Office of the District Attorney Richmond County,Staten Island District Attorney's Office,NYCGO_v0_9_Edits_to_Implement.csv,"Set to ""Staten Island District Attorney's Office""",v0_10_recovery_run,direct_set
v0_10_43,2025-06-27T13:04:34.058106,NYC_GOID_000172,Staten Island District Attorney's Office,NameAlphabetized,District Attorney - Richmond County,"District Attorney's Office, Staten Island",NYCGO_v0_9_Edits_to_Implement.csv,"Set to ""District Attorney's Office, Staten Island""",v0_10_recovery_run,direct_set
v0_10_44,2025-06-27T13:04:34.058330,NYC_GOID_000172,Staten Island District Attorney's Office,AlternateOrFormerNames,District Attorney - Staten Island,Richmond County District Attorney's Office,NYCGO_v0_9_Edits_to_Implement.csv,"Set to ""Richmond County District Attorney's Office""",v0_10_recovery_run,direct_set
v0_10_45,2025-06-27T13:04:34.058539,NYC_GOID_000389,Police Department,Name,Police Department,New York City Police Department,NYCGO_v0_9_Edits_to_Implement.csv,"Set to ""New York City Police Department""",v0_10_recovery_run,direct_set
v0_10_46,2025-06-27T13:04:34.058765,NYC_GOID_000389,New York City Police Department,NameAlphabetized,Police Department,"Police Department, New York City",NYCGO_v0_9_Edits_to_Implement.csv,"Set to ""Police Department, New York City""",v0_10_recovery_run,direct_set
v0_10_47,2025-06-27T13:04:34.058994,NYC_GOID_000389,New York City Police Department,AlternateOrFormerNames,,Police Department,NYCGO_v0_9_Edits_to_Implement.csv,"Set to ""Police Department""",v0_10_recovery_run,direct_set
v0_10_48,2025-06-27T13:04:34.059221,NYC_GOID_000401,Public Administrator of Queens County,NameAlphabetized,Public Administrator - Queens County,"Public Administrator, Queens County",NYCGO_v0_9_Edits_to_Implement.csv,"Set to ""Public Administrator, Queens County""",v0_10_recovery_run,direct_set
v0_10_49,2025-06-27T13:04:34.059451,NYC_GOID_000171,Queens District Attorney's Office,NameAlphabetized,District Attorney - Queens County,"District Attorney's Office, Queens",NYCGO_v0_9_Edits_to_Implement.csv,"Set to ""District Attorney's Office, Queens""",v0_10_recovery_run,direct_set
v0_10_50,2025-06-27T13:04:34.059678,NYC_GOID_000171,Queens District Attorney's Office,AlternateOrFormerNames,,Queens County District Attorney's Office,NYCGO_v0_9_Edits_to_Implement.csv,"Set to ""Queens County District Attorney's Office""",v0_10_recovery_run,direct_set
v0_10_51,2025-06-27T13:04:34.059902,NYC_GOID_000412,Richmond County Public Administrator,NameAlphabetized,Public Administrator - Richmond County,"Public Administrator, Richmond County",NYCGO_v0_9_Edits_to_Implement.csv,"Set to ""Public Administrator, Richmond County""",v0_10_recovery_run,direct_set
v0_10_52,2025-06-27T13:04:34.060110,NYC_GOID_000069,Jamaica Center for Arts & Learning,Name,Jamaica Center for Arts & Learning,Jamaica Center for Arts and Learning,NYCGO_v0_9_Edits_to_Implement.csv,"Set to ""Jamaica Center for Arts and Learning""",v0_10_recovery_run,direct_set
v0_10_53,2025-06-27T13:04:34.060336,NYC_GOID_000069,Jamaica Center for Arts and Learning,NameAlphabetized,Jamaica Center for Arts & Learning,Jamaica Center for Arts and Learning,NYCGO_v0_9_Edits_to_Implement.csv,"Set to ""Jamaica Center for Arts and Learning""",v0_10_recovery_run,direct_set
v0_10_54,2025-06-27T13:04:34.060546,NYC_GOID_100027,"Office of Film, Theatre, & Broadcasting",Name,"Office of Film, Theatre, & Broadcasting","Office of Film, Theatre, and Broadcasting",NYCGO_v0_9_Edits_to_Implement.csv,"Set to ""Office of Film, Theatre, and Broadcasting""",v0_10_recovery_run,direct_set
v0_10_55,2025-06-27T13:04:34.060770,NYC_GOID_100027,"Office of Film, Theatre, and Broadcasting",NameAlphabetized,"Film, Theatre, & Broadcasting, Office of","Film, Theatre, and Broadcasting, Office of",NYCGO_v0_9_Edits_to_Implement.csv,"Set to ""Film, Theatre, and Broadcasting, Office of""",v0_10_recovery_run,direct_set
v0_10_56,2025-06-27T13:04:34.060979,NYC_GOID_000086,Snug Harbor Cultural Center & Botanical Garden,Name,Snug Harbor Cultural Center & Botanical Garden,Snug Harbor Cultural Center and Botanical Garden,NYCGO_v0_9_Edits_to_Implement.csv,"Set to ""Snug Harbor Cultural Center and Botanical Garden""",v0_10_recovery_run,direct_set
v0_10_57,2025-06-27T13:04:34.061205,NYC_GOID_000086,Snug Harbor Cultural Center and Botanical Garden,NameAlphabetized,Snug Harbor Cultural Center & Botanical Garden,Snug Harbor Cultural Center and Botanical Garden,NYCGO_v0_9_Edits_to_Implement.csv,"Set to ""Snug Harbor Cultural Center and Botanical Garden""",v0_10_recovery_run,direct_set
v0_10_58,2025-06-27T13:04:34.061433,NYC_GOID_000426,"Sports, Wellness, and Recreation Advisory Board",NameAlphabetized,"Sports, Wellness, & Recreation Advisory Board","Sports, Wellness, and Recreation Advisory Board",NYCGO_v0_9_Edits_to_Implement.csv,"Set to ""Sports, Wellness, and Recreation Advisory Board""",v0_10_recovery_run,direct_set
v0_10_59,2025-06-27T13:04:34.061642,NYC_GOID_000459,Water Board,Name,Water Board,New York City Water Board,NYCGO_v0_9_Edits_to_Implement.csv,"Set to ""New York City Water Board""",v0_10_recovery_run,direct_set
v0_10_60,2025-06-27T13:04:34.061865,NYC_GOID_000459,New York City Water Board,NameAlphabetized,New York City Water Board,"Water Board, New York City",NYCGO_v0_9_Edits_to_Implement.csv,"Set to ""Water Board, New York City""",v0_10_recovery_run,direct_set
v0_10_61,2025-06-27T13:04:34.062094,NYC_GOID_000058,Child Fatality Review Advisory Team,OrganizationType,Public Benefit or Development Organization,Advisory or Regulatory Organization,NYCGO_v0_9_Edits_to_Implement.csv,"Set to ""Advisory or Regulatory Organization""",v0_10_recovery_run,direct_set
v0_10_62,2025-06-27T13:04:34.062324,NYC_GOID_000464,National September 11 Memorial and Museum,OrganizationType,Public Benefit or Development Organization,Nonprofit Organization,NYCGO_v0_9_Edits_to_Implement.csv,"Set to ""Nonprofit Organization""",v0_10_recovery_run,direct_set
v0_10_63,2025-06-27T13:04:34.062553,NYC_GOID_000196,Forest Park Trust,OrganizationType,Nonprofit Organization,Public Benefit or Development Organization,NYCGO_v0_9_Edits_to_Implement.csv,"Set to ""Public Benefit or Development Organization""",v0_10_recovery_run,direct_set
v0_10_64,2025-06-27T13:04:34.062780,NYC_GOID_000218,Hudson River Park Trust,OrganizationType,Nonprofit Organization,Public Benefit or Development Organization,NYCGO_v0_9_Edits_to_Implement.csv,"Set to ""Public Benefit or Development Organization""",v0_10_recovery_run,direct_set
v0_10_65,2025-06-27T13:04:34.063005,NYC_GOID_000448,Trust for Cultural Resources,OrganizationType,Nonprofit Organization,Public Benefit or Development Organization,NYCGO_v0_9_Edits_to_Implement.csv,"Set to ""Public Benefit or Development Organization""",v0_10_recovery_run,direct_set
v0_10_66,2025-06-27T13:04:34.063234,NYC_GOID_000449,Trust for Governors Island,OrganizationType,Nonprofit Organization,Public Benefit or Development Organization,NYCGO_v0_9_Edits_to_Implement.csv,"Set to ""Public Benefit or Development Organization""",v0_10_recovery_run,direct_set
v0_10_67,2025-06-27T13:04:34.063443,NYC_GOID_000344,Office of Administrative Justice Coordinator,Name,Office of Administrative Justice Coordinator,Office of the Administrative Justice Coordinator,NYCGO_v0_9_Edits_to_Implement.csv,"Set to ""Office of the Administrative Justice Coordinator""",v0_10_recovery_run,direct_set
v0_10_68,2025-06-27T13:04:34.063667,NYC_GOID_000344,Office of the Administrative Justice Coordinator,NameAlphabetized,"Administrative Justice Coordinator, Office of","Administrative Justice Coordinator, Office of the",NYCGO_v0_9_Edits_to_Implement.csv,"Set to ""Administrative Justice Coordinator, Office of the""",v0_10_recovery_run,direct_set
v0_10_69,2025-06-27T13:04:34.063893,NYC_GOID_000355,Office of Community Hiring,OrganizationType,Mayoral Office,Division,NYCGO_v0_9_Edits_to_Implement.csv,"Set to ""Division""",v0_10_recovery_run,direct_set
v0_10_70,2025-06-27T13:04:34.064118,NYC_GOID_000355,Office of Community Hiring,ReportsTo,,Mayor's Office of Talent and Workforce Development,NYCGO_v0_9_Edits_to_Implement.csv,"Set to ""Mayor's Office of Talent and Workforce Development""",v0_10_recovery_run,direct_set
v0_10_71,2025-06-27T13:04:34.064328,NYC_GOID_000468,Young Men's Initiative,Name,Young Men's Initiative,New York City Young Men's Initiative,NYCGO_v0_9_Edits_to_Implement.csv,"Set to ""New York City Young Men's Initiative""",v0_10_recovery_run,direct_set
v0_10_72,2025-06-27T13:04:34.064552,NYC_GOID_000468,New York City Young Men's Initiative,NameAlphabetized,Young Men's Initiative,"Young Men's Initiative, New York City",NYCGO_v0_9_Edits_to_Implement.csv,"Set to ""Young Men's Initiative, New York City""",v0_10_recovery_run,direct_set
v0_10_73,2025-06-27T13:04:34.064776,NYC_GOID_000468,New York City Young Men's Initiative,AlternateOrFormerNames,,Young Men's Initiative,NYCGO_v0_9_Edits_to_Implement.csv,"Set to ""Young Men's Initiative""",v0_10_recovery_run,direct_set
v0_10_74,2025-06-27T13:04:34.065002,NYC_GOID_000135,Department for the Aging,AlternateOrFormerNames,,NYC Aging,NYCGO_v0_9_Edits_to_Implement.csv,"Set to ""NYC Aging""",v0_10_recovery_run,direct_set
v0_10_75,2025-06-27T13:04:34.065212,NYC_GOID_000143,Department of Education,Name,Department of Education,New York City Public Schools,NYCGO_v0_9_Edits_to_Implement.csv,"Set to ""New York City Public Schools""",v0_10_recovery_run,direct_set
v0_10_76,2025-06-27T13:04:34.065437,NYC_GOID_000143,New York City Public Schools,NameAlphabetized,"Education, Department of","Public Schools, New York City",NYCGO_v0_9_Edits_to_Implement.csv,"Set to ""Public Schools, New York City""",v0_10_recovery_run,direct_set
v0_10_77,2025-06-27T13:04:34.065663,NYC_GOID_000143,New York City Public Schools,AlternateOrFormerNames,,Department of Education; NYC Public Schools,NYCGO_v0_9_Edits_to_Implement.csv,"Set to ""Department of Education; NYC Public Schools""",v0_10_recovery_run,direct_set
v0_10_78,2025-06-27T13:04:34.065872,NYC_GOID_000144,Department of Environment Protection,Name,Department of Environment Protection,Department of Environmental Protection,NYCGO_v0_9_Edits_to_Implement.csv,"Set to ""Department of Environmental Protection""",v0_10_recovery_run,direct_set
v0_10_79,2025-06-27T13:04:34.066195,NYC_GOID_000144,Department of Environmental Protection,NameAlphabetized,"Environmental Protection, Department of","Environmental Protection, Department of",NYCGO_v0_9_Edits_to_Implement.csv,"Set to ""Environmental Protection, Department of""",v0_10_recovery_run,direct_set
v0_10_80,2025-06-27T13:04:34.066440,NYC_GOID_000151,Department of Records and Information Service,Name,Department of Records and Information Service,Department of Records and Information Services,NYCGO_v0_9_Edits_to_Implement.csv,"Set to ""Department of Records and Information Services""",v0_10_recovery_run,direct_set
v0_10_81,2025-06-27T13:04:34.066673,NYC_GOID_000151,Department of Records and Information Services,NameAlphabetized,"Records and Information Services, Department of","Records and Information Services, Department of",NYCGO_v0_9_Edits_to_Implement.csv,"Set to ""Records and Information Services, Department of""",v0_10_recovery_run,direct_set
v0_10_82,2025-06-27T13:04:34.066885,NYC_GOID_000152,Department of Sanitation,Name,Department of Sanitation,New York City Department of Sanitation,NYCGO_v0_9_Edits_to_Implement.csv,"Set to ""New York City Department of Sanitation""",v0_10_recovery_run,direct_set
v0_10_83,2025-06-27T13:04:34.067109,NYC_GOID_000152,New York City Department of Sanitation,NameAlphabetized,"Sanitation, Department of","Sanitation, New York City Department of Sanitation",NYCGO_v0_9_Edits_to_Implement.csv,"Set to ""Sanitation, New York City Department of Sanitation""",v0_10_recovery_run,direct_set
v0_10_84,2025-06-27T13:04:34.067335,NYC_GOID_000152,New York City Department of Sanitation,AlternateOrFormerNames,,Department of Sanitation; NYC Sanitation,NYCGO_v0_9_Edits_to_Implement.csv,"Set to ""Department of Sanitation; NYC Sanitation""",v0_10_recovery_run,direct_set
v0_10_85,2025-06-27T13:04:34.067545,NYC_GOID_000157,Department of Transportation,Name,Department of Transportation,New York City Department of Transportation,NYCGO_v0_9_Edits_to_Implement.csv,"Set to ""New York City Department of Transportation""",v0_10_recovery_run,direct_set
v0_10_86,2025-06-27T13:04:34.067782,NYC_GOID_000157,New York City Department of Transportation,NameAlphabetized,"Transportation, Department of","Transportation, New York City Department of",NYCGO_v0_9_Edits_to_Implement.csv,"Set to ""Transportation, New York City Department of""",v0_10_recovery_run,direct_set
v0_10_87,2025-06-27T13:04:34.068007,NYC_GOID_000157,New York City Department of Transportation,AlternateOrFormerNames,,Department of Transportation,NYCGO_v0_9_Edits_to_Implement.csv,"Set to ""Department of Transportation""",v0_10_recovery_run,direct_set
v0_10_88,2025-06-27T13:04:34.068216,NYC_GOID_000238,Law Department,Name,Law Department,New York City Law Department,NYCGO_v0_9_Edits_to_Implement.csv,"Set to ""New York City Law Department""",v0_10_recovery_run,direct_set
v0_10_89,2025-06-27T13:04:34.068443,NYC_GOID_000238,New York City Law Department,NameAlphabetized,Law Department,"Law Department, New York City",NYCGO_v0_9_Edits_to_Implement.csv,"Set to ""Law Department, New York City""",v0_10_recovery_run,direct_set
v0_10_90,2025-06-27T13:04:34.068669,NYC_GOID_000238,New York City Law Department,AlternateOrFormerNames,,Law Department; Office of the Corporation Counsel,NYCGO_v0_9_Edits_to_Implement.csv,"Set to ""Law Department; Office of the Corporation Counsel""",v0_10_recovery_run,direct_set
v0_10_91,2025-06-27T13:04:34.068882,NYC_GOID_000315,NYC Emergency Management,Name,NYC Emergency Management,New York City Emergency Management,NYCGO_v0_9_Edits_to_Implement.csv,"Set to ""New York City Emergency Management""",v0_10_recovery_run,direct_set
v0_10_92,2025-06-27T13:04:34.069111,NYC_GOID_000315,New York City Emergency Management,NameAlphabetized,"Emergency Management, NYC","Emergency Management, New York City",NYCGO_v0_9_Edits_to_Implement.csv,"Set to ""Emergency Management, New York City""",v0_10_recovery_run,direct_set
v0_10_93,2025-06-27T13:04:34.069337,NYC_GOID_000315,New York City Emergency Management,AlternateOrFormerNames,Emergency Management Department;New York City Office of Emergency Management,NYC Emergency Management; Office of Emergency Management,NYCGO_v0_9_Edits_to_Implement.csv,"Set to ""NYC Emergency Management; Office of Emergency Management""",v0_10_recovery_run,direct_set
v0_10_94,2025-06-27T13:04:34.069546,NYC_GOID_100020,Office of Inspector General for the NYPD,Name,Office of Inspector General for the NYPD,Office of the Inspector General for the NYPD,NYCGO_v0_9_Edits_to_Implement.csv,"Set to ""Office of the Inspector General for the NYPD""",v0_10_recovery_run,direct_set
v0_10_95,2025-06-27T13:04:34.069780,NYC_GOID_100020,Office of the Inspector General for the NYPD,NameAlphabetized,"Inspector General for the NYPD, Office of","Inspector General for the NYPD, Office of the",NYCGO_v0_9_Edits_to_Implement.csv,"Set to ""Inspector General for the NYPD, Office of the""",v0_10_recovery_run,direct_set
v0_10_96,2025-06-27T13:04:34.069996,NYC_GOID_100020,Office of the Inspector General for the NYPD,Acronym,OIGNYPD,OIG-NYPD,NYCGO_v0_9_Edits_to_Implement.csv,"Set to ""OIG-NYPD""",v0_10_recovery_run,direct_set
v0_10_97,2025-06-27T13:04:34.070219,NYC_GOID_100020,Office of the Inspector General for the NYPD,AlternateOrFormerAcronyms,,OIGNYPD,NYCGO_v0_9_Edits_to_Implement.csv,"Set to ""OIGNYPD""",v0_10_recovery_run,direct_set
v0_10_98,2025-06-27T13:04:34.070442,NYC_GOID_100020,Office of the Inspector General for the NYPD,ReportsTo,,Department of Investigation,NYCGO_v0_9_Edits_to_Implement.csv,"Set to ""Department of Investigation""",v0_10_recovery_run,direct_set
v0_10_99,2025-06-27T13:04:34.070648,NYC_GOID_100024,Tax Commission,Name,Tax Commission,New York City Tax Commission,NYCGO_v0_9_Edits_to_Implement.csv,"Set to ""New York City Tax Commission""",v0_10_recovery_run,direct_set
v0_10_100,2025-06-27T13:04:34.070871,NYC_GOID_100024,New York City Tax Commission,NameAlphabetized,Tax Commission,"Tax Commission, New York City",NYCGO_v0_9_Edits_to_Implement.csv,"Set to ""Tax Commission, New York City""",v0_10_recovery_run,direct_set
v0_10_101,2025-06-27T13:04:34.071094,NYC_GOID_100024,New York City Tax Commission,AlternateOrFormerNames,,Tax Commission; NYC Tax Commission,NYCGO_v0_9_Edits_to_Implement.csv,"Set to ""Tax Commission; NYC Tax Commission""",v0_10_recovery_run,direct_set
v0_10_102,2025-06-27T13:04:34.071305,NYC_GOID_000436,Taxi and Limousine Commission,Name,Taxi and Limousine Commission,New York City Taxi and Limousine Commission,NYCGO_v0_9_Edits_to_Implement.csv,"Set to ""New York City Taxi and Limousine Commission""",v0_10_recovery_run,direct_set
v0_10_103,2025-06-27T13:04:34.071529,NYC_GOID_000436,New York City Taxi and Limousine Commission,NameAlphabetized,Taxi and Limousine Commission,"Taxi and Limousine Commission, New York City",NYCGO_v0_9_Edits_to_Implement.csv,"Set to ""Taxi and Limousine Commission, New York City""",v0_10_recovery_run,direct_set
v0_10_104,2025-06-27T13:04:34.071752,NYC_GOID_000436,New York City Taxi and Limousine Commission,AlternateOrFormerNames,,Taxi and Limousine Commission,NYCGO_v0_9_Edits_to_Implement.csv,"Set to ""Taxi and Limousine Commission""",v0_10_recovery_run,direct_set
v0_10_105,2025-06-27T13:04:34.071976,NYC_GOID_000436,New York City Taxi and Limousine Commission,AlternateOrFormerAcronyms,,NYC TLC,NYCGO_v0_9_Edits_to_Implement.csv,"Set to ""NYC TLC""",v0_10_recovery_run,direct_set
v0_10_106,2025-06-27T13:04:34.072182,NYC_GOID_000097,City Council,Name,City Council,New York City Council,NYCGO_v0_9_Edits_to_Implement.csv,"Set to ""New York City Council""",v0_10_recovery_run,direct_set
v0_10_107,2025-06-27T13:04:34.072406,NYC_GOID_000097,New York City Council,NameAlphabetized,City Council,"City Council, New York City",NYCGO_v0_9_Edits_to_Implement.csv,"Set to ""City Council, New York City""",v0_10_recovery_run,direct_set
v0_10_108,2025-06-27T13:04:34.072634,NYC_GOID_000097,New York City Council,AlternateOrFormerNames,,City Council,NYCGO_v0_9_Edits_to_Implement.csv,"Set to ""City Council""",v0_10_recovery_run,direct_set
v0_10_109,2025-06-27T13:04:34.072844,NYC_GOID_000123,Comptroller,Name,Comptroller,Office of the New York City Comptroller,NYCGO_v0_9_Edits_to_Implement.csv,"Set to ""Office of the New York City Comptroller""",v0_10_recovery_run,direct_set
v0_10_110,2025-06-27T13:04:34.073070,NYC_GOID_000123,Office of the New York City Comptroller,NameAlphabetized,Comptroller,"Comptroller, Office of the New York City",NYCGO_v0_9_Edits_to_Implement.csv,"Set to ""Comptroller, Office of the New York City""",v0_10_recovery_run,direct_set
v0_10_111,2025-06-27T13:04:34.073296,NYC_GOID_000123,Office of the New York City Comptroller,AlternateOrFormerNames,,Comptroller,NYCGO_v0_9_Edits_to_Implement.csv,"Set to ""Comptroller""",v0_10_recovery_run,direct_set
v0_10_112,2025-06-27T13:04:34.073512,NYC_GOID_000251,Mayor's Office,Name,Mayor's Office,Office of the Mayor,NYCGO_v0_9_Edits_to_Implement.csv,"Set to ""Office of the Mayor""",v0_10_recovery_run,direct_set
v0_10_113,2025-06-27T13:04:34.073738,NYC_GOID_000251,Office of the Mayor,NameAlphabetized,Mayor's Office,"Mayor, Office of the",NYCGO_v0_9_Edits_to_Implement.csv,"Set to ""Mayor, Office of the""",v0_10_recovery_run,direct_set
v0_10_114,2025-06-27T13:04:34.073964,NYC_GOID_000251,Office of the Mayor,AlternateOrFormerNames,,Office of the Mayor of the City of New York; Mayor's Office,NYCGO_v0_9_Edits_to_Implement.csv,"Set to ""Office of the Mayor of the City of New York; Mayor's Office""",v0_10_recovery_run,direct_set
v0_10_115,2025-06-27T13:04:34.074171,NYC_GOID_000396,Public Advocate,Name,Public Advocate,Office of the Public Advocate,NYCGO_v0_9_Edits_to_Implement.csv,"Set to ""Office of the Public Advocate""",v0_10_recovery_run,direct_set
v0_10_116,2025-06-27T13:04:34.074395,NYC_GOID_000396,Office of the Public Advocate,NameAlphabetized,Public Advocate,"Public Advocate, Office of the",NYCGO_v0_9_Edits_to_Implement.csv,"Set to ""Public Advocate, Office of the""",v0_10_recovery_run,direct_set
v0_10_117,2025-06-27T13:04:34.074618,NYC_GOID_000396,Office of the Public Advocate,AlternateOrFormerNames,,Office of the Public Advocate for the City of New York; Public Advocate,NYCGO_v0_9_Edits_to_Implement.csv,"Set to ""Office of the Public Advocate for the City of New York; Public Advocate""",v0_10_recovery_run,direct_set
v0_10_118,2025-06-27T13:04:34.074840,NYC_GOID_000000,NYC311,AlternateOrFormerNames,,311,NYCGO_v0_9_Edits_to_Implement.csv,"Set to ""311""",v0_10_recovery_run,direct_set
v0_10_119,2025-06-27T13:04:34.075058,NYC_GOID_100013,Archival Review Board,URL,,https://www.nyc.gov/site/records/about/archival-review-board.page,NYCGO_v0_9_Edits_to_Implement.csv,"Set to ""https://www.nyc.gov/site/records/about/archival-review-board.page""",v0_10_recovery_run,direct_set
v0_10_120,2025-06-27T13:04:34.075278,NYC_GOID_000014,"Archives, Reference and Research Advisory Board",URL,,https://www.nyc.gov/site/records/about/archives-reference-and-research-advisory-board.page,NYCGO_v0_9_Edits_to_Implement.csv,"Set to ""https://www.nyc.gov/site/records/about/archives-reference-and-research-advisory-board.page""",v0_10_recovery_run,direct_set
v0_10_121,2025-06-27T13:04:34.075500,NYC_GOID_000119,Community Services Board,URL,,https://www.nyc.gov/site/doh/health/health-topics/mh-community-services-board.page,NYCGO_v0_9_Edits_to_Implement.csv,"Set to ""https://www.nyc.gov/site/doh/health/health-topics/mh-community-services-board.page""",v0_10_recovery_run,direct_set
v0_10_122,2025-06-27T13:04:34.075719,NYC_GOID_000120,Community Services Board - Developmental Disabilities Subcommittee,URL,,https://www.nyc.gov/site/doh/health/health-topics/mh-community-services-board.page,NYCGO_v0_9_Edits_to_Implement.csv,"Set to ""https://www.nyc.gov/site/doh/health/health-topics/mh-community-services-board.page""",v0_10_recovery_run,direct_set
v0_10_123,2025-06-27T13:04:34.075937,NYC_GOID_000121,Community Services Board - Mental Health Subcommittee,URL,,https://www.nyc.gov/site/doh/health/health-topics/mh-community-services-board.page,NYCGO_v0_9_Edits_to_Implement.csv,"Set to ""https://www.nyc.gov/site/doh/health/health-topics/mh-community-services-board.page""",v0_10_recovery_run,direct_set
v0_10_124,2025-06-27T13:04:34.076155,NYC_GOID_000122,Community Services Board - Substance Use Subcommittee,URL,,https://www.nyc.gov/site/doh/health/health-topics/mh-community-services-board.page,NYCGO_v0_9_Edits_to_Implement.csv,"Set to ""https://www.nyc.gov/site/doh/health/health-topics/mh-community-services-board.page""",v0_10_recovery_run,direct_set
v0_10_125,2025-06-27T13:04:34.076375,NYC_GOID_000179,Economic Development Corporation Life Sciences Advisory Council,URL,,https://edc.nyc/advisory-council,NYCGO_v0_9_Edits_to_Implement.csv,"Set to ""https://edc.nyc/advisory-council""",v0_10_recovery_run,direct_set
v0_10_126,2025-06-27T13:04:34.076602,NYC_GOID_000232,Jewish Advisory Council,URL,,https://www.nyc.gov/office-of-the-mayor/news/457-23/mayor-adams-creation-new-york-city-s-first-jewish-advisory-council,NYCGO_v0_9_Edits_to_Implement.csv,"Set to ""https://www.nyc.gov/office-of-the-mayor/news/457-23/mayor-adams-creation-new-york-city-s-first-jewish-advisory-council""",v0_10_recovery_run,direct_set
v0_10_127,2025-06-27T13:04:34.076819,NYC_GOID_000233,Juvenile Justice Advisory Board,URL,,https://www.nyc.gov/site/acs/about/data-analysis.page,NYCGO_v0_9_Edits_to_Implement.csv,"Set to ""https://www.nyc.gov/site/acs/about/data-analysis.page""",v0_10_recovery_run,direct_set
v0_10_128,2025-06-27T13:04:34.077036,NYC_GOID_000237,Latin Media and Entertainment Commission,URL,,https://www.nyc.gov/site/mome/news/latin-media-commission.page,NYCGO_v0_9_Edits_to_Implement.csv,"Set to ""https://www.nyc.gov/site/mome/news/latin-media-commission.page""",v0_10_recovery_run,direct_set
v0_10_129,2025-06-27T13:04:34.077252,NYC_GOID_000338,Nonprofit Advisory Council,URL,,https://www.nyc.gov/site/nonprofits/about/advisory-council.page,NYCGO_v0_9_Edits_to_Implement.csv,"Set to ""https://www.nyc.gov/site/nonprofits/about/advisory-council.page""",v0_10_recovery_run,direct_set
v0_10_130,2025-06-27T13:04:34.077472,NYC_GOID_000423,Small Business Advisory Commission,URL,,https://nyc-business.nyc.gov/nycbusiness/business-services/regulatory-assistance/small-business-advisory-commission,NYCGO_v0_9_Edits_to_Implement.csv,"Set to ""https://nyc-business.nyc.gov/nycbusiness/business-services/regulatory-assistance/small-business-advisory-commission""",v0_10_recovery_run,direct_set
v0_10_131,2025-06-27T13:04:34.077690,NYC_GOID_000428,Street Harassment Prevention Advisory Board,URL,,https://www.nyc.gov/site/ocdv/programs/end-street-harassment.page,NYCGO_v0_9_Edits_to_Implement.csv,"Set to ""https://www.nyc.gov/site/ocdv/programs/end-street-harassment.page""",v0_10_recovery_run,direct_set
v0_10_132,2025-06-27T13:04:34.077910,NYC_GOID_000462,Workforce Development Council,URL,,https://www.nyc.gov/site/wkdev/workforce-board/about-the-council.page,NYCGO_v0_9_Edits_to_Implement.csv,"Set to ""https://www.nyc.gov/site/wkdev/workforce-board/about-the-council.page""",v0_10_recovery_run,direct_set
v0_10_133,2025-06-27T13:04:34.078126,NYC_GOID_100025,Young Men's Initiative Advisory Board,URL,,https://www.nyc.gov/html/ymi/html/about/advisory-board.shtml,NYCGO_v0_9_Edits_to_Implement.csv,"Set to ""https://www.nyc.gov/html/ymi/html/about/advisory-board.shtml""",v0_10_recovery_run,direct_set
v0_10_134,2025-06-27T13:04:34.078346,NYC_GOID_100026,Youth Board,URL,,https://www.nyc.gov/site/dycd/involved/boards-and-councils/nyc-youth-board.page,NYCGO_v0_9_Edits_to_Implement.csv,"Set to ""https://www.nyc.gov/site/dycd/involved/boards-and-councils/nyc-youth-board.page""",v0_10_recovery_run,direct_set
v0_10_135,2025-06-27T13:04:34.078565,NYC_GOID_100002,Office of the Special Narcotics Prosecutor,URL,,https://www.snpnyc.org/,NYCGO_v0_9_Edits_to_Implement.csv,"Set to ""https://www.snpnyc.org/""",v0_10_recovery_run,direct_set
v0_10_136,2025-06-27T13:04:34.078783,NYC_GOID_000060,Bronx County Historical Society,URL,,https://bronxhistoricalsociety.org,NYCGO_v0_9_Edits_to_Implement.csv,"Set to ""https://bronxhistoricalsociety.org""",v0_10_recovery_run,direct_set
v0_10_137,2025-06-27T13:04:34.079000,NYC_GOID_000327,New York City School Support Services,URL,,https://www.nycsss.org/,NYCGO_v0_9_Edits_to_Implement.csv,"Set to ""https://www.nycsss.org/""",v0_10_recovery_run,direct_set
v0_10_138,2025-06-27T13:04:34.079225,NYC_GOID_000093,Weeksville Heritage Center,URL,,https://www.weeksvillesociety.org/,NYCGO_v0_9_Edits_to_Implement.csv,"Set to ""https://www.weeksvillesociety.org/""",v0_10_recovery_run,direct_set
v0_10_139,2025-06-27T13:04:34.079448,NYC_GOID_000466,World Trade Center Performing Arts Center,OperationalStatus,Active,Reorganized,NYCGO_v0_9_Edits_to_Implement.csv,"Set to ""Reorganized""",v0_10_recovery_run,direct_set
v0_10_140,2025-06-27T13:04:34.079663,NYC_GOID_100028,Office Conversions Task Force,URL,,https://www.nyc.gov/site/officeconversions/index.page,NYCGO_v0_9_Edits_to_Implement.csv,"Set to ""https://www.nyc.gov/site/officeconversions/index.page""",v0_10_recovery_run,direct_set
v0_10_141,2025-06-27T13:04:34.079882,NYC_GOID_000126,Convention Center Operating Corporation (Javits),URL,,https://www.javitscenter.com/,NYCGO_v0_9_Edits_to_Implement.csv,"Set to ""https://www.javitscenter.com/""",v0_10_recovery_run,direct_set
v0_10_142,2025-06-27T13:04:34.080098,NYC_GOID_000464,National September 11 Memorial and Museum,URL,,https://www.911memorial.org/,NYCGO_v0_9_Edits_to_Implement.csv,"Set to ""https://www.911memorial.org/""",v0_10_recovery_run,direct_set
v0_10_143,2025-06-27T13:04:34.080320,NYC_GOID_000464,National September 11 Memorial and Museum,OrganizationType,Nonprofit Organization,Nonprofit Organization,NYCGO_v0_9_Edits_to_Implement.csv,"Set to ""Nonprofit Organization""",v0_10_recovery_run,direct_set
v0_10_144,2025-06-27T13:04:34.080535,NYC_GOID_000322,New York City Municipal Insurance Company,URL,,https://nymir.org/,NYCGO_v0_9_Edits_to_Implement.csv,"Set to ""https://nymir.org/""",v0_10_recovery_run,direct_set
v0_10_145,2025-06-27T13:04:34.080757,NYC_GOID_000325,New York City Public Housing Preservation Trust,URL,,https://www.preservationtrust.org/,NYCGO_v0_9_Edits_to_Implement.csv,"Set to ""https://www.preservationtrust.org/""",v0_10_recovery_run,direct_set
v0_10_146,2025-06-27T13:04:34.080971,NYC_GOID_000326,"New York City School Bus Umbrella Services, Inc.",URL,,https://www.nycsbus.com/,NYCGO_v0_9_Edits_to_Implement.csv,"Set to ""https://www.nycsbus.com/""",v0_10_recovery_run,direct_set
v0_10_147,2025-06-27T13:04:34.081192,NYC_GOID_000410,Residential Mortgage Insurance Corporation,URL,,https://www.nychdc.com/subsidiaries/remic,NYCGO_v0_9_Edits_to_Implement.csv,"Set to ""https://www.nychdc.com/subsidiaries/remic""",v0_10_recovery_run,direct_set
v0_10_148,2025-06-27T13:04:34.081408,NYC_GOID_000192,Fire Department Pension Fund and Related Funds,URL,,https://nycfirepension.org/,NYCGO_v0_9_Edits_to_Implement.csv,"Set to ""https://nycfirepension.org/""",v0_10_recovery_run,direct_set
v0_10_149,2025-06-27T13:04:34.081626,NYC_GOID_000059,American Museum of Natural History,URL,https://www.amnh.org/about/board-of-trustees,https://www.amnh.org/,NYCGO_v0_9_Edits_to_Implement.csv,"Set to ""https://www.amnh.org/""",v0_10_recovery_run,direct_set
v0_10_150,2025-06-27T13:04:34.081846,NYC_GOID_000012,Animal Care Centers of NYC,URL,https://www.nycacc.org/about,https://www.nycacc.org/,NYCGO_v0_9_Edits_to_Implement.csv,"Set to ""https://www.nycacc.org/""",v0_10_recovery_run,direct_set
v0_10_151,2025-06-27T13:04:34.082064,NYC_GOID_000168,Bronx District Attorney's Office,URL,https://www.bronxda.nyc.gov/html/home/home.shtml,https://www.bronxda.nyc.gov/,NYCGO_v0_9_Edits_to_Implement.csv,"Set to ""https://www.bronxda.nyc.gov/""",v0_10_recovery_run,direct_set
v0_10_152,2025-06-27T13:04:34.082287,NYC_GOID_000061,Bronx Museum of the Arts,URL,https://www.bronxmuseum.org/about/,https://www.bronxmuseum.org/,NYCGO_v0_9_Edits_to_Implement.csv,"Set to ""https://www.bronxmuseum.org/""",v0_10_recovery_run,direct_set
v0_10_153,2025-06-27T13:04:34.082505,NYC_GOID_000063,Brooklyn Botanic Garden,URL,https://www.bbg.org/about/mission,https://www.bbg.org/,NYCGO_v0_9_Edits_to_Implement.csv,"Set to ""https://www.bbg.org/""",v0_10_recovery_run,direct_set
v0_10_154,2025-06-27T13:04:34.082730,NYC_GOID_000064,Brooklyn Children's Museum,URL,https://www.brooklynkids.org/about/,https://www.brooklynkids.org/,NYCGO_v0_9_Edits_to_Implement.csv,"Set to ""https://www.brooklynkids.org/""",v0_10_recovery_run,direct_set
v0_10_155,2025-06-27T13:04:34.083025,NYC_GOID_000065,Brooklyn Museum,URL,https://www.brooklynmuseum.org/about/board_of_trustees,https://www.brooklynmuseum.org/,NYCGO_v0_9_Edits_to_Implement.csv,"Set to ""https://www.brooklynmuseum.org/""",v0_10_recovery_run,direct_set
v0_10_156,2025-06-27T13:04:34.083285,NYC_GOID_000066,Carnegie Hall,URL,https://www.carnegiehall.org/About/Leadership-and-Staff/Board-of-Trustees,https://www.carnegiehall.org/,NYCGO_v0_9_Edits_to_Implement.csv,"Set to ""https://www.carnegiehall.org/""",v0_10_recovery_run,direct_set
v0_10_157,2025-06-27T13:04:34.083524,NYC_GOID_000127,Council for Airport Opportunity,URL,https://www.caonynj.com/history/,https://www.caonynj.com/,NYCGO_v0_9_Edits_to_Implement.csv,"Set to ""https://www.caonynj.com/""",v0_10_recovery_run,direct_set
v0_10_158,2025-06-27T13:04:34.083756,NYC_GOID_100016,Cultural Affairs Advisory Commission,URL,https://www1.nyc.gov/site/dcla/about/advisory-commission.page?msclkid=67d77496bc0b11ec9381225156c06d9c,https://www1.nyc.gov/site/dcla/about/advisory-commission.page,NYCGO_v0_9_Edits_to_Implement.csv,"Set to ""https://www1.nyc.gov/site/dcla/about/advisory-commission.page""",v0_10_recovery_run,direct_set
v0_10_159,2025-06-27T13:04:34.083990,NYC_GOID_000130,Cultural Institutions Retirement System,URL,https://cirsplans.org/,https://cirsplans.org/,NYCGO_v0_9_Edits_to_Implement.csv,"Set to ""https://cirsplans.org/""",v0_10_recovery_run,direct_set
v0_10_160,2025-06-27T13:04:34.084216,NYC_GOID_000148,Department of Investigation,URL,http://www.nyc.gov/doi,https://www.nyc.gov/site/doi/index.page,NYCGO_v0_9_Edits_to_Implement.csv,"Set to ""https://www.nyc.gov/site/doi/index.page""",v0_10_recovery_run,direct_set
v0_10_161,2025-06-27T13:04:34.084439,NYC_GOID_000067,El Museo del Barrio,URL,https://www.elmuseo.org/trustees/,https://www.elmuseo.org/,NYCGO_v0_9_Edits_to_Implement.csv,"Set to ""https://www.elmuseo.org/""",v0_10_recovery_run,direct_set
v0_10_162,2025-06-27T13:04:34.084660,NYC_GOID_000068,Flushing Council on Culture and the Arts / Flushing Town Hall,URL,https://www.flushingtownhall.org/board,https://www.flushingtownhall.org/,NYCGO_v0_9_Edits_to_Implement.csv,"Set to ""https://www.flushingtownhall.org/""",v0_10_recovery_run,direct_set
v0_10_163,2025-06-27T13:04:34.084883,NYC_GOID_000196,Forest Park Trust,URL,https://forestparktrust.org/about-us,https://forestparktrust.org/,NYCGO_v0_9_Edits_to_Implement.csv,"Set to ""https://forestparktrust.org/""",v0_10_recovery_run,direct_set
v0_10_164,2025-06-27T13:04:34.085104,NYC_GOID_000198,Fund for Public Schools,URL,https://www.fundforpublicschools.org/mission,https://www.fundforpublicschools.org/,NYCGO_v0_9_Edits_to_Implement.csv,"Set to ""https://www.fundforpublicschools.org/""",v0_10_recovery_run,direct_set
v0_10_165,2025-06-27T13:04:34.085322,NYC_GOID_000205,Green Economy Advisory Council,URL,https://edc.nyc/sites/default/files/2024-03/NYCEDC-Green-Economy-Action-Plan-03-22-2024.pdf,https://edc.nyc/green-economy-action-plan,NYCGO_v0_9_Edits_to_Implement.csv,"Set to ""https://edc.nyc/green-economy-action-plan""",v0_10_recovery_run,direct_set
v0_10_166,2025-06-27T13:04:34.085545,NYC_GOID_000206,Greenbelt Conservancy,URL,https://sigreenbelt.org/about-us/,https://sigreenbelt.org/,NYCGO_v0_9_Edits_to_Implement.csv,"Set to ""https://sigreenbelt.org/""",v0_10_recovery_run,direct_set
v0_10_167,2025-06-27T13:04:34.085763,NYC_GOID_000218,Hudson River Park Trust,URL,https://hudsonriverpark.org/about-us/hudson-river-park-trust/,https://hudsonriverpark.org/,NYCGO_v0_9_Edits_to_Implement.csv,"Set to ""https://hudsonriverpark.org/""",v0_10_recovery_run,direct_set
v0_10_168,2025-06-27T13:04:34.085977,NYC_GOID_000069,Jamaica Center for Arts and Learning,URL,https://www.jcal.org/board,https://www.jcal.org/,NYCGO_v0_9_Edits_to_Implement.csv,"Set to ""https://www.jcal.org/""",v0_10_recovery_run,direct_set
v0_10_169,2025-06-27T13:04:34.086191,NYC_GOID_000070,Jazz at Lincoln Center,URL,https://www.jazz.org/about/,https://www.jazz.org/,NYCGO_v0_9_Edits_to_Implement.csv,"Set to ""https://www.jazz.org/""",v0_10_recovery_run,direct_set
v0_10_170,2025-06-27T13:04:34.086403,NYC_GOID_000071,Lincoln Center Theater,URL,http://www.aboutlincolncenter.org/about/board-of-directors,https://www.lct.org/,NYCGO_v0_9_Edits_to_Implement.csv,"Set to ""https://www.lct.org/""",v0_10_recovery_run,direct_set
v0_10_171,2025-06-27T13:04:34.086621,NYC_GOID_000257,Mayor's Office for Nonprofit Services,URL,https://www.nyc.gov/site/nonprofits/about/about.page,https://www.nyc.gov/site/nonprofits/index.page,NYCGO_v0_9_Edits_to_Implement.csv,"Set to ""https://www.nyc.gov/site/nonprofits/index.page""",v0_10_recovery_run,direct_set
v0_10_172,2025-06-27T13:04:34.086843,NYC_GOID_000270,Mayor's Office of Immigrant Affairs,URL,http://www.nyc.gov/immigrants,https://www.nyc.gov/site/immigrants/index.page,NYCGO_v0_9_Edits_to_Implement.csv,"Set to ""https://www.nyc.gov/site/immigrants/index.page""",v0_10_recovery_run,direct_set
v0_10_173,2025-06-27T13:04:34.087057,NYC_GOID_000298,Mayor's Office of the Utility Consumer Advocate,URL,https://climate.cityofnewyork.us/ask-utility-consumer-advocate/,https://climate.cityofnewyork.us/utility-consumer-advocate/,NYCGO_v0_9_Edits_to_Implement.csv,"Set to ""https://climate.cityofnewyork.us/utility-consumer-advocate/""",v0_10_recovery_run,direct_set
v0_10_174,2025-06-27T13:04:34.087271,NYC_GOID_000074,Museum of Jewish Heritage,URL,https://mjhnyc.org/leadership/,https://mjhnyc.org/,NYCGO_v0_9_Edits_to_Implement.csv,"Set to ""https://mjhnyc.org/""",v0_10_recovery_run,direct_set
v0_10_175,2025-06-27T13:04:34.087488,NYC_GOID_000075,Museum of Modern Art,URL,https://www.moma.org/about/trustees#the-museum-of-modernart,https://www.moma.org/,NYCGO_v0_9_Edits_to_Implement.csv,"Set to ""https://www.moma.org/""",v0_10_recovery_run,direct_set
v0_10_176,2025-06-27T13:04:34.087700,NYC_GOID_000073,Museum of the City of New York,URL,https://www.mcny.org/about,https://www.mcny.org/,NYCGO_v0_9_Edits_to_Implement.csv,"Set to ""https://www.mcny.org/""",v0_10_recovery_run,direct_set
v0_10_177,2025-06-27T13:04:34.087927,NYC_GOID_000076,Museum of the Moving Image,URL,https://movingimage.us/about/museum-leadership/,https://movingimage.us/,NYCGO_v0_9_Edits_to_Implement.csv,"Set to ""https://movingimage.us/""",v0_10_recovery_run,direct_set
v0_10_178,2025-06-27T13:04:34.088140,NYC_GOID_000077,New York Botanical Garden,URL,https://www.nybg.org/about/institutional-information/board-of-trustees/,https://www.nybg.org/,NYCGO_v0_9_Edits_to_Implement.csv,"Set to ""https://www.nybg.org/""",v0_10_recovery_run,direct_set
v0_10_179,2025-06-27T13:04:34.088358,NYC_GOID_000078,New York City Ballet,URL,https://www.nycballet.com/about-us/board-and-staff/board-of-directors/,https://www.nycballet.com/,NYCGO_v0_9_Edits_to_Implement.csv,"Set to ""https://www.nycballet.com/""",v0_10_recovery_run,direct_set
v0_10_180,2025-06-27T13:04:34.088571,NYC_GOID_000079,New York City Center,URL,https://www.nycitycenter.org/About/board-of-directors/,https://www.nycitycenter.org/,NYCGO_v0_9_Edits_to_Implement.csv,"Set to ""https://www.nycitycenter.org/""",v0_10_recovery_run,direct_set
v0_10_181,2025-06-27T13:04:34.088786,NYC_GOID_000390,New York City Police Pension Fund,URL,http://www.nyc.gov/nycppf,https://www.nyc.gov/content/nycppf/pages/,NYCGO_v0_9_Edits_to_Implement.csv,"Set to ""https://www.nyc.gov/content/nycppf/pages/""",v0_10_recovery_run,direct_set
v0_10_182,2025-06-27T13:04:34.088998,NYC_GOID_000333,New York Community Trust Distribution Committee,URL,https://www.nycommunitytrust.org/results/meet-our-board/,https://www.nycommunitytrust.org/,NYCGO_v0_9_Edits_to_Implement.csv,"Set to ""https://www.nycommunitytrust.org/""",v0_10_recovery_run,direct_set
v0_10_183,2025-06-27T13:04:34.089209,NYC_GOID_000335,New York Public Library,URL,https://www.nypl.org/help/about-nypl/history,https://www.nypl.org/,NYCGO_v0_9_Edits_to_Implement.csv,"Set to ""https://www.nypl.org/""",v0_10_recovery_run,direct_set
v0_10_184,2025-06-27T13:04:34.089420,NYC_GOID_000391,Primary Care Development Corporation,URL,https://www.pcdc.org/new-york-city/,https://www.pcdc.org/,NYCGO_v0_9_Edits_to_Implement.csv,"Set to ""https://www.pcdc.org/""",v0_10_recovery_run,direct_set
v0_10_185,2025-06-27T13:04:34.089634,NYC_GOID_000394,Prospect Park Alliance,URL,https://www.prospectpark.org/learn-more/what-we-do/,https://www.prospectpark.org/,NYCGO_v0_9_Edits_to_Implement.csv,"Set to ""https://www.prospectpark.org/""",v0_10_recovery_run,direct_set
v0_10_186,2025-06-27T13:04:34.089846,NYC_GOID_000082,Public Theater,URL,https://publictheater.org/about/board-of-trustees/,https://publictheater.org/,NYCGO_v0_9_Edits_to_Implement.csv,"Set to ""https://publictheater.org/""",v0_10_recovery_run,direct_set
v0_10_187,2025-06-27T13:04:34.090057,NYC_GOID_000083,Queens Botanical Garden,URL,https://queensbotanical.org/staff-board/,https://queensbotanical.org/,NYCGO_v0_9_Edits_to_Implement.csv,"Set to ""https://queensbotanical.org/""",v0_10_recovery_run,direct_set
v0_10_188,2025-06-27T13:04:34.090267,NYC_GOID_000084,Queens Museum,URL,https://queensmuseum.org/about,https://queensmuseum.org/,NYCGO_v0_9_Edits_to_Implement.csv,"Set to ""https://queensmuseum.org/""",v0_10_recovery_run,direct_set
v0_10_189,2025-06-27T13:04:34.090479,NYC_GOID_000085,Queens Theatre in the Park,URL,https://queenstheatre.org/about/board-of-directors/,https://queenstheatre.org/,NYCGO_v0_9_Edits_to_Implement.csv,"Set to ""https://queenstheatre.org/""",v0_10_recovery_run,direct_set
v0_10_190,2025-06-27T13:04:34.090691,NYC_GOID_000405,Randall's Island Park Alliance,URL,https://randallsisland.org/about/,https://randallsisland.org/,NYCGO_v0_9_Edits_to_Implement.csv,"Set to ""https://randallsisland.org/""",v0_10_recovery_run,direct_set
v0_10_191,2025-06-27T13:04:34.090904,NYC_GOID_000088,Staten Island Historical Society,URL,https://www.historicrichmondtown.org/boardofdirectors,https://www.historicrichmondtown.org/,NYCGO_v0_9_Edits_to_Implement.csv,"Set to ""https://www.historicrichmondtown.org/""",v0_10_recovery_run,direct_set
v0_10_192,2025-06-27T13:04:34.091115,NYC_GOID_000091,Studio Museum in Harlem,URL,https://studiomuseum.org/trustees,https://studiomuseum.org/,NYCGO_v0_9_Edits_to_Implement.csv,"Set to ""https://studiomuseum.org/""",v0_10_recovery_run,direct_set
v0_10_193,2025-06-27T13:04:34.091327,NYC_GOID_000445,Tobacco Settlement Asset Securitization Corporation,URL,https://www1.nyc.gov/site/tsasc/about/about.page,https://www1.nyc.gov/site/tsasc/index.page,NYCGO_v0_9_Edits_to_Implement.csv,"Set to ""https://www1.nyc.gov/site/tsasc/index.page""",v0_10_recovery_run,direct_set
v0_10_194,2025-06-27T13:04:34.091539,NYC_GOID_000449,Trust for Governors Island,URL,https://www.govisland.com/about/the-trust-for-governors-island,https://www.govisland.com/,NYCGO_v0_9_Edits_to_Implement.csv,"Set to ""https://www.govisland.com/""",v0_10_recovery_run,direct_set
v0_10_195,2025-06-27T13:04:34.091750,NYC_GOID_000092,Wave Hill,URL,https://www.wavehill.org/support/board-and-friends,https://www.wavehill.org/,NYCGO_v0_9_Edits_to_Implement.csv,"Set to ""https://www.wavehill.org/""",v0_10_recovery_run,direct_set
v0_10_196,2025-06-27T13:04:34.091960,NYC_GOID_000094,Wildlife Conservation Society,URL,https://www.wcs.org/about-us/management,https://www.wcs.org/,NYCGO_v0_9_Edits_to_Implement.csv,"Set to ""https://www.wcs.org/""",v0_10_recovery_run,direct_set
v0_10_197,2025-06-27T13:04:34.092181,NYC_GOID_000061,Bronx Museum of the Arts,PrincipalOfficerFullName,,Yvonne Garcia and Shirley Solomon (Co-Directors),NYCGO_v0_9_Edits_to_Implement.csv,"Set to ""Yvonne Garcia and Shirley Solomon (Co-Directors)""",v0_10_recovery_run,direct_set
v0_10_198,2025-06-27T13:04:34.092399,NYC_GOID_000061,Bronx Museum of the Arts,PrincipalOfficerTitle,,Interim Co-Director,NYCGO_v0_9_Edits_to_Implement.csv,"Set to ""Interim Co-Director""",v0_10_recovery_run,direct_set
v0_10_199,2025-06-27T13:04:34.092618,NYC_GOID_000062,Brooklyn Academy of Music,PrincipalOfficerFullName,,Tamara McCaw,NYCGO_v0_9_Edits_to_Implement.csv,"Set to ""Tamara McCaw""",v0_10_recovery_run,direct_set
v0_10_200,2025-06-27T13:04:34.093189,NYC_GOID_000062,Brooklyn Academy of Music,PrincipalOfficerTitle,,Interim Chief Executive Officer,NYCGO_v0_9_Edits_to_Implement.csv,"Set to ""Interim Chief Executive Officer""",v0_10_recovery_run,direct_set
v0_10_201,2025-06-27T13:04:34.093409,NYC_GOID_000063,Brooklyn Botanic Garden,PrincipalOfficerFullName,,Adrian Benepe,NYCGO_v0_9_Edits_to_Implement.csv,"Set to ""Adrian Benepe""",v0_10_recovery_run,direct_set
v0_10_202,2025-06-27T13:04:34.093947,NYC_GOID_000063,Brooklyn Botanic Garden,PrincipalOfficerTitle,,President and CEO,NYCGO_v0_9_Edits_to_Implement.csv,"Set to ""President and CEO""",v0_10_recovery_run,direct_set
v0_10_203,2025-06-27T13:04:34.094166,NYC_GOID_000064,Brooklyn Children's Museum,PrincipalOfficerFullName,,Atiba T. Edwards,NYCGO_v0_9_Edits_to_Implement.csv,"Set to ""Atiba T. Edwards""",v0_10_recovery_run,direct_set
v0_10_204,2025-06-27T13:04:34.094703,NYC_GOID_000064,Brooklyn Children's Museum,PrincipalOfficerTitle,,President and CEO,NYCGO_v0_9_Edits_to_Implement.csv,"Set to ""President and CEO""",v0_10_recovery_run,direct_set
v0_10_205,2025-06-27T13:04:34.094928,NYC_GOID_100015,Center for Brooklyn History,PrincipalOfficerFullName,,Lexy Mayers,NYCGO_v0_9_Edits_to_Implement.csv,"Set to ""Lexy Mayers""",v0_10_recovery_run,direct_set
v0_10_206,2025-06-27T13:04:34.095468,NYC_GOID_100015,Center for Brooklyn History,PrincipalOfficerTitle,,Executive Director,NYCGO_v0_9_Edits_to_Implement.csv,"Set to ""Executive Director""",v0_10_recovery_run,direct_set
v0_10_207,2025-06-27T13:04:34.095693,NYC_GOID_000127,Council for Airport Opportunity,PrincipalOfficerFullName,,Andrew Campbell,NYCGO_v0_9_Edits_to_Implement.csv,"Set to ""Andrew Campbell""",v0_10_recovery_run,direct_set
v0_10_208,2025-06-27T13:04:34.096230,NYC_GOID_000127,Council for Airport Opportunity,PrincipalOfficerTitle,,Executive Director,NYCGO_v0_9_Edits_to_Implement.csv,"Set to ""Executive Director""",v0_10_recovery_run,direct_set
v0_10_209,2025-06-27T13:04:34.096454,NYC_GOID_000100,City University Construction Fund,PrincipalOfficerFullName,,Mohamed Attalla,NYCGO_v0_9_Edits_to_Implement.csv,"Set to ""Mohamed Attalla""",v0_10_recovery_run,direct_set
v0_10_210,2025-06-27T13:04:34.096991,NYC_GOID_000100,City University Construction Fund,PrincipalOfficerTitle,,Executive Director,NYCGO_v0_9_Edits_to_Implement.csv,"Set to ""Executive Director""",v0_10_recovery_run,direct_set
v0_10_211,2025-06-27T13:04:34.097212,NYC_GOID_000133,Deferred Compensation Board,PrincipalOfficerFullName,,Sharon Lukacs,NYCGO_v0_9_Edits_to_Implement.csv,"Set to ""Sharon Lukacs""",v0_10_recovery_run,direct_set
v0_10_212,2025-06-27T13:04:34.097785,NYC_GOID_000133,Deferred Compensation Board,PrincipalOfficerTitle,,Executive Director,NYCGO_v0_9_Edits_to_Implement.csv,"Set to ""Executive Director""",v0_10_recovery_run,direct_set
v0_10_213,2025-06-27T13:04:34.098019,NYC_GOID_000181,Educational Construction Fund,PrincipalOfficerFullName,,Jennifer Maldonado,NYCGO_v0_9_Edits_to_Implement.csv,"Set to ""Jennifer Maldonado""",v0_10_recovery_run,direct_set
v0_10_214,2025-06-27T13:04:34.098661,NYC_GOID_000181,Educational Construction Fund,PrincipalOfficerTitle,,Chief Executive Officer,NYCGO_v0_9_Edits_to_Implement.csv,"Set to ""Chief Executive Officer""",v0_10_recovery_run,direct_set
v0_10_215,2025-06-27T13:04:34.098906,NYC_GOID_000067,El Museo del Barrio,PrincipalOfficerFullName,,Patrick Charpenel,NYCGO_v0_9_Edits_to_Implement.csv,"Set to ""Patrick Charpenel""",v0_10_recovery_run,direct_set
v0_10_216,2025-06-27T13:04:34.099579,NYC_GOID_000067,El Museo del Barrio,PrincipalOfficerTitle,,Executive Director,NYCGO_v0_9_Edits_to_Implement.csv,"Set to ""Executive Director""",v0_10_recovery_run,direct_set
v0_10_217,2025-06-27T13:04:34.099840,NYC_GOID_000182,Environmental Control Board,PrincipalOfficerFullName,,Asim Rehman,NYCGO_v0_9_Edits_to_Implement.csv,"Set to ""Asim Rehman""",v0_10_recovery_run,direct_set
v0_10_218,2025-06-27T13:04:34.100400,NYC_GOID_000182,Environmental Control Board,PrincipalOfficerTitle,,Chairperson (Commissioner & Chief Administrative Law Judge),NYCGO_v0_9_Edits_to_Implement.csv,"Set to ""Chairperson (Commissioner & Chief Administrative Law Judge)""",v0_10_recovery_run,direct_set
v0_10_219,2025-06-27T13:04:34.100648,NYC_GOID_000183,Environmental Justice Advisory Board,PrincipalOfficerFullName,,Peggy Shepard,NYCGO_v0_9_Edits_to_Implement.csv,"Set to ""Peggy Shepard""",v0_10_recovery_run,direct_set
v0_10_220,2025-06-27T13:04:34.101245,NYC_GOID_000183,Environmental Justice Advisory Board,PrincipalOfficerTitle,,Chair,NYCGO_v0_9_Edits_to_Implement.csv,"Set to ""Chair""",v0_10_recovery_run,direct_set
v0_10_221,2025-06-27T13:04:34.101496,NYC_GOID_000068,Flushing Council on Culture and the Arts / Flushing Town Hall,PrincipalOfficerFullName,,Ellen Kodadek,NYCGO_v0_9_Edits_to_Implement.csv,"Set to ""Ellen Kodadek""",v0_10_recovery_run,direct_set
v0_10_222,2025-06-27T13:04:34.102548,NYC_GOID_000068,Flushing Council on Culture and the Arts / Flushing Town Hall,PrincipalOfficerTitle,,Executive and Artistic Director,NYCGO_v0_9_Edits_to_Implement.csv,"Set to ""Executive and Artistic Director""",v0_10_recovery_run,direct_set
v0_10_223,2025-06-27T13:04:34.102924,NYC_GOID_000198,Fund for Public Schools,PrincipalOfficerFullName,,Stephen Cockrell,NYCGO_v0_9_Edits_to_Implement.csv,"Set to ""Stephen Cockrell""",v0_10_recovery_run,direct_set
v0_10_224,2025-06-27T13:04:34.103552,NYC_GOID_000198,Fund for Public Schools,PrincipalOfficerTitle,,Chief Executive Officer,NYCGO_v0_9_Edits_to_Implement.csv,"Set to ""Chief Executive Officer""",v0_10_recovery_run,direct_set
v0_10_225,2025-06-27T13:04:34.103791,NYC_GOID_000201,Get Stuff Built Advisory Board,PrincipalOfficerFullName,,Robert Holbrook,NYCGO_v0_9_Edits_to_Implement.csv,"Set to ""Robert Holbrook""",v0_10_recovery_run,direct_set
v0_10_226,2025-06-27T13:04:34.104350,NYC_GOID_000201,Get Stuff Built Advisory Board,PrincipalOfficerTitle,,Executive Director,NYCGO_v0_9_Edits_to_Implement.csv,"Set to ""Executive Director""",v0_10_recovery_run,direct_set
v0_10_227,2025-06-27T13:04:34.104580,NYC_GOID_000206,Greenbelt Conservancy,PrincipalOfficerFullName,,Steven Cain,NYCGO_v0_9_Edits_to_Implement.csv,"Set to ""Steven Cain""",v0_10_recovery_run,direct_set
v0_10_228,2025-06-27T13:04:34.105128,NYC_GOID_000206,Greenbelt Conservancy,PrincipalOfficerTitle,,Executive Director,NYCGO_v0_9_Edits_to_Implement.csv,"Set to ""Executive Director""",v0_10_recovery_run,direct_set
v0_10_229,2025-06-27T13:04:34.105364,NYC_GOID_000214,HIV/AIDS Services Advisory Board,PrincipalOfficerFullName,,Guillermo Chacón,NYCGO_v0_9_Edits_to_Implement.csv,"Set to ""Guillermo Chacón""",v0_10_recovery_run,direct_set
v0_10_230,2025-06-27T13:04:34.107009,NYC_GOID_000214,HIV/AIDS Services Advisory Board,PrincipalOfficerTitle,,Chair,NYCGO_v0_9_Edits_to_Implement.csv,"Set to ""Chair""",v0_10_recovery_run,direct_set
v0_10_231,2025-06-27T13:04:34.107295,NYC_GOID_000219,Hudson River Valley Greenway Communities Council,PrincipalOfficerFullName,,Andy Kitzmann,NYCGO_v0_9_Edits_to_Implement.csv,"Set to ""Andy Kitzmann""",v0_10_recovery_run,direct_set
v0_10_232,2025-06-27T13:04:34.107946,NYC_GOID_000219,Hudson River Valley Greenway Communities Council,PrincipalOfficerTitle,,Executive Director,NYCGO_v0_9_Edits_to_Implement.csv,"Set to ""Executive Director""",v0_10_recovery_run,direct_set
v0_10_233,2025-06-27T13:04:34.108205,NYC_GOID_000074,Museum of Jewish Heritage,PrincipalOfficerFullName,,Jack Kliger,NYCGO_v0_9_Edits_to_Implement.csv,"Set to ""Jack Kliger""",v0_10_recovery_run,direct_set
v0_10_234,2025-06-27T13:04:34.109050,NYC_GOID_000074,Museum of Jewish Heritage,PrincipalOfficerTitle,,President & CEO,NYCGO_v0_9_Edits_to_Implement.csv,"Set to ""President & CEO""",v0_10_recovery_run,direct_set
v0_10_235,2025-06-27T13:04:34.109317,NYC_GOID_000073,Museum of the City of New York,PrincipalOfficerFullName,,Stephanie Hill Wilchfort,NYCGO_v0_9_Edits_to_Implement.csv,"Set to ""Stephanie Hill Wilchfort""",v0_10_recovery_run,direct_set
v0_10_236,2025-06-27T13:04:34.109889,NYC_GOID_000073,Museum of the City of New York,PrincipalOfficerTitle,,Ronay Menschel Director and President,NYCGO_v0_9_Edits_to_Implement.csv,"Set to ""Ronay Menschel Director and President""",v0_10_recovery_run,direct_set
v0_10_237,2025-06-27T13:04:34.110135,NYC_GOID_000076,Museum of the Moving Image,PrincipalOfficerFullName,,Aziz Isham,NYCGO_v0_9_Edits_to_Implement.csv,"Set to ""Aziz Isham""",v0_10_recovery_run,direct_set
v0_10_238,2025-06-27T13:04:34.110691,NYC_GOID_000076,Museum of the Moving Image,PrincipalOfficerTitle,,Executive Director,NYCGO_v0_9_Edits_to_Implement.csv,"Set to ""Executive Director""",v0_10_recovery_run,direct_set
v0_10_239,2025-06-27T13:04:34.110916,NYC_GOID_000079,New York City Center,PrincipalOfficerFullName,,Michael S. Rosenberg,NYCGO_v0_9_Edits_to_Implement.csv,"Set to ""Michael S. Rosenberg""",v0_10_recovery_run,direct_set
v0_10_240,2025-06-27T13:04:34.111451,NYC_GOID_000079,New York City Center,PrincipalOfficerTitle,,President & CEO,NYCGO_v0_9_Edits_to_Implement.csv,"Set to ""President & CEO""",v0_10_recovery_run,direct_set
v0_10_241,2025-06-27T13:04:34.111681,NYC_GOID_000314,New York City Districting Commission,PrincipalOfficerFullName,,Dennis Walcott,NYCGO_v0_9_Edits_to_Implement.csv,"Set to ""Dennis Walcott""",v0_10_recovery_run,direct_set
v0_10_242,2025-06-27T13:04:34.112221,NYC_GOID_000314,New York City Districting Commission,PrincipalOfficerTitle,,Chair,NYCGO_v0_9_Edits_to_Implement.csv,"Set to ""Chair""",v0_10_recovery_run,direct_set
v0_10_243,2025-06-27T13:04:34.112446,NYC_GOID_000330,New York City Transit Riders Council,PrincipalOfficerFullName,,Andrew Albert,NYCGO_v0_9_Edits_to_Implement.csv,"Set to ""Andrew Albert""",v0_10_recovery_run,direct_set
v0_10_244,2025-06-27T13:04:34.113028,NYC_GOID_000330,New York City Transit Riders Council,PrincipalOfficerTitle,,NYCTRC Chair & MTA Board Member,NYCGO_v0_9_Edits_to_Implement.csv,"Set to ""NYCTRC Chair & MTA Board Member""",v0_10_recovery_run,direct_set
v0_10_245,2025-06-27T13:04:34.113274,NYC_GOID_000333,New York Community Trust Distribution Committee,PrincipalOfficerFullName,,Jamie Drake,NYCGO_v0_9_Edits_to_Implement.csv,"Set to ""Jamie Drake""",v0_10_recovery_run,direct_set
v0_10_246,2025-06-27T13:04:34.113850,NYC_GOID_000333,New York Community Trust Distribution Committee,PrincipalOfficerTitle,,Chair,NYCGO_v0_9_Edits_to_Implement.csv,"Set to ""Chair""",v0_10_recovery_run,direct_set
v0_10_247,2025-06-27T13:04:34.114084,NYC_GOID_000080,New York Hall of Science,PrincipalOfficerFullName,,Lisa J. Gugenheim,NYCGO_v0_9_Edits_to_Implement.csv,"Set to ""Lisa J. Gugenheim""",v0_10_recovery_run,direct_set
v0_10_248,2025-06-27T13:04:34.114721,NYC_GOID_000080,New York Hall of Science,PrincipalOfficerTitle,,CEO and President,NYCGO_v0_9_Edits_to_Implement.csv,"Set to ""CEO and President""",v0_10_recovery_run,direct_set
v0_10_249,2025-06-27T13:04:34.114969,NYC_GOID_100020,Office of the Inspector General for the NYPD,PrincipalOfficerFullName,,Jeanene Barrett,NYCGO_v0_9_Edits_to_Implement.csv,"Set to ""Jeanene Barrett""",v0_10_recovery_run,direct_set
v0_10_250,2025-06-27T13:04:34.115648,NYC_GOID_100020,Office of the Inspector General for the NYPD,PrincipalOfficerTitle,,Inspector General,NYCGO_v0_9_Edits_to_Implement.csv,"Set to ""Inspector General""",v0_10_recovery_run,direct_set
v0_10_251,2025-06-27T13:04:34.115917,NYC_GOID_100017,Office of Nightlife,PrincipalOfficerFullName,,Jeffrey Garcia,NYCGO_v0_9_Edits_to_Implement.csv,"Set to ""Jeffrey Garcia""",v0_10_recovery_run,direct_set
v0_10_252,2025-06-27T13:04:34.116542,NYC_GOID_100017,Office of Nightlife,PrincipalOfficerTitle,,Executive Director,NYCGO_v0_9_Edits_to_Implement.csv,"Set to ""Executive Director""",v0_10_recovery_run,direct_set
v0_10_253,2025-06-27T13:04:34.116824,NYC_GOID_000391,Primary Care Development Corporation,PrincipalOfficerFullName,,Louise Cohen,NYCGO_v0_9_Edits_to_Implement.csv,"Set to ""Louise Cohen""",v0_10_recovery_run,direct_set
v0_10_254,2025-06-27T13:04:34.117590,NYC_GOID_000391,Primary Care Development Corporation,PrincipalOfficerTitle,,CEO,NYCGO_v0_9_Edits_to_Implement.csv,"Set to ""CEO""",v0_10_recovery_run,direct_set
v0_10_255,2025-06-27T13:04:34.117867,NYC_GOID_000081,PS 1 Contemporary Art Center,PrincipalOfficerFullName,,Connie Butler,NYCGO_v0_9_Edits_to_Implement.csv,"Set to ""Connie Butler""",v0_10_recovery_run,direct_set
v0_10_256,2025-06-27T13:04:34.119080,NYC_GOID_000081,PS 1 Contemporary Art Center,PrincipalOfficerTitle,,The Agnes Gund Director,NYCGO_v0_9_Edits_to_Implement.csv,"Set to ""The Agnes Gund Director""",v0_10_recovery_run,direct_set
v0_10_257,2025-06-27T13:04:34.119382,NYC_GOID_000083,Queens Botanical Garden,PrincipalOfficerFullName,,Evie Hantzopoulos,NYCGO_v0_9_Edits_to_Implement.csv,"Set to ""Evie Hantzopoulos""",v0_10_recovery_run,direct_set
v0_10_258,2025-06-27T13:04:34.120065,NYC_GOID_000083,Queens Botanical Garden,PrincipalOfficerTitle,,Executive Director,NYCGO_v0_9_Edits_to_Implement.csv,"Set to ""Executive Director""",v0_10_recovery_run,direct_set
v0_10_259,2025-06-27T13:04:34.120299,NYC_GOID_000084,Queens Museum,PrincipalOfficerFullName,,Sally Tallant,NYCGO_v0_9_Edits_to_Implement.csv,"Set to ""Sally Tallant""",v0_10_recovery_run,direct_set
v0_10_260,2025-06-27T13:04:34.120850,NYC_GOID_000084,Queens Museum,PrincipalOfficerTitle,,President and Executive Director,NYCGO_v0_9_Edits_to_Implement.csv,"Set to ""President and Executive Director""",v0_10_recovery_run,direct_set
v0_10_261,2025-06-27T13:04:34.121074,NYC_GOID_000085,Queens Theatre in the Park,PrincipalOfficerFullName,,Taryn Sacramone,NYCGO_v0_9_Edits_to_Implement.csv,"Set to ""Taryn Sacramone""",v0_10_recovery_run,direct_set
v0_10_262,2025-06-27T13:04:34.121623,NYC_GOID_000085,Queens Theatre in the Park,PrincipalOfficerTitle,,Executive Director,NYCGO_v0_9_Edits_to_Implement.csv,"Set to ""Executive Director""",v0_10_recovery_run,direct_set
v0_10_263,2025-06-27T13:04:34.121844,NYC_GOID_000086,Snug Harbor Cultural Center and Botanical Garden,PrincipalOfficerFullName,,Jessica Baker Vodoor,NYCGO_v0_9_Edits_to_Implement.csv,"Set to ""Jessica Baker Vodoor""",v0_10_recovery_run,direct_set
v0_10_264,2025-06-27T13:04:34.122434,NYC_GOID_000086,Snug Harbor Cultural Center and Botanical Garden,PrincipalOfficerTitle,,President & CEO,NYCGO_v0_9_Edits_to_Implement.csv,"Set to ""President & CEO""",v0_10_recovery_run,direct_set
v0_10_265,2025-06-27T13:04:34.122665,NYC_GOID_000087,Staten Island Children's Museum,PrincipalOfficerFullName,,Dina Rosenthal,NYCGO_v0_9_Edits_to_Implement.csv,"Set to ""Dina Rosenthal""",v0_10_recovery_run,direct_set
v0_10_266,2025-06-27T13:04:34.123205,NYC_GOID_000087,Staten Island Children's Museum,PrincipalOfficerTitle,,Executive Director,NYCGO_v0_9_Edits_to_Implement.csv,"Set to ""Executive Director""",v0_10_recovery_run,direct_set
v0_10_267,2025-06-27T13:04:34.123427,NYC_GOID_000088,Staten Island Historical Society,PrincipalOfficerFullName,,Jessica B. Phillips,NYCGO_v0_9_Edits_to_Implement.csv,"Set to ""Jessica B. Phillips""",v0_10_recovery_run,direct_set
v0_10_268,2025-06-27T13:04:34.124048,NYC_GOID_000088,Staten Island Historical Society,PrincipalOfficerTitle,,Chief Executive Officer,NYCGO_v0_9_Edits_to_Implement.csv,"Set to ""Chief Executive Officer""",v0_10_recovery_run,direct_set
v0_10_269,2025-06-27T13:04:34.124305,NYC_GOID_000089,Staten Island Museum,PrincipalOfficerFullName,,Janice Monger,NYCGO_v0_9_Edits_to_Implement.csv,"Set to ""Janice Monger""",v0_10_recovery_run,direct_set
v0_10_270,2025-06-27T13:04:34.124882,NYC_GOID_000089,Staten Island Museum,PrincipalOfficerTitle,,President & Chief Executive Officer,NYCGO_v0_9_Edits_to_Implement.csv,"Set to ""President & Chief Executive Officer""",v0_10_recovery_run,direct_set
v0_10_271,2025-06-27T13:04:34.125110,NYC_GOID_000090,Staten Island Zoological Society,PrincipalOfficerFullName,,Ken Mitchell,NYCGO_v0_9_Edits_to_Implement.csv,"Set to ""Ken Mitchell""",v0_10_recovery_run,direct_set
v0_10_272,2025-06-27T13:04:34.125649,NYC_GOID_000090,Staten Island Zoological Society,PrincipalOfficerTitle,,Executive Director,NYCGO_v0_9_Edits_to_Implement.csv,"Set to ""Executive Director""",v0_10_recovery_run,direct_set
v0_10_273,2025-06-27T13:04:34.125871,NYC_GOID_100024,New York City Tax Commission,PrincipalOfficerFullName,,Robert J. Firestone,NYCGO_v0_9_Edits_to_Implement.csv,"Set to ""Robert J. Firestone""",v0_10_recovery_run,direct_set
v0_10_274,2025-06-27T13:04:34.126400,NYC_GOID_100024,New York City Tax Commission,PrincipalOfficerTitle,,President,NYCGO_v0_9_Edits_to_Implement.csv,"Set to ""President""",v0_10_recovery_run,direct_set
v0_10_275,2025-06-27T13:04:34.126619,NYC_GOID_000452,United Nations Development Corporation,PrincipalOfficerFullName,,Robert Cole,NYCGO_v0_9_Edits_to_Implement.csv,"Set to ""Robert Cole""",v0_10_recovery_run,direct_set
v0_10_276,2025-06-27T13:04:34.127166,NYC_GOID_000452,United Nations Development Corporation,PrincipalOfficerTitle,,Executive Vice President & General Counsel,NYCGO_v0_9_Edits_to_Implement.csv,"Set to ""Executive Vice President & General Counsel""",v0_10_recovery_run,direct_set
v0_10_277,2025-06-27T13:04:34.127404,NYC_GOID_000456,Veterans Advisory Board,PrincipalOfficerFullName,,Wendy McClinton,NYCGO_v0_9_Edits_to_Implement.csv,"Set to ""Wendy McClinton""",v0_10_recovery_run,direct_set
v0_10_278,2025-06-27T13:04:34.127936,NYC_GOID_000456,Veterans Advisory Board,PrincipalOfficerTitle,,Chair,NYCGO_v0_9_Edits_to_Implement.csv,"Set to ""Chair""",v0_10_recovery_run,direct_set
v0_10_279,2025-06-27T13:04:34.128161,NYC_GOID_000092,Wave Hill,PrincipalOfficerFullName,,Ray B. Oladapo-Johnson,NYCGO_v0_9_Edits_to_Implement.csv,"Set to ""Ray B. Oladapo-Johnson""",v0_10_recovery_run,direct_set
v0_10_280,2025-06-27T13:04:34.128736,NYC_GOID_000092,Wave Hill,PrincipalOfficerTitle,,President & Executive Director,NYCGO_v0_9_Edits_to_Implement.csv,"Set to ""President & Executive Director""",v0_10_recovery_run,direct_set
v0_10_281,2025-06-27T13:04:34.128967,NYC_GOID_000025,Board of Standards and Appeals,PrincipalOfficerFullName,Shampa Chanda,Carlo Costanza,NYCGO_v0_9_Edits_to_Implement.csv,"Set to ""Carlo Costanza""",v0_10_recovery_run,direct_set
v0_10_282,2025-06-27T13:04:34.129510,NYC_GOID_000025,Board of Standards and Appeals,PrincipalOfficerTitle,Chair,Executive Director,NYCGO_v0_9_Edits_to_Implement.csv,"Set to ""Executive Director""",v0_10_recovery_run,direct_set
v0_10_283,2025-06-27T13:04:34.129747,NYC_GOID_000042,Campaign Finance Board,PrincipalOfficerFullName,Frederick Schaffer,Paul Seamus Ryan,NYCGO_v0_9_Edits_to_Implement.csv,"Set to ""Paul Seamus Ryan""",v0_10_recovery_run,direct_set
v0_10_284,2025-06-27T13:04:34.130463,NYC_GOID_000042,Campaign Finance Board,PrincipalOfficerTitle,Chair,Executive Director,NYCGO_v0_9_Edits_to_Implement.csv,"Set to ""Executive Director""",v0_10_recovery_run,direct_set
v0_10_285,2025-06-27T13:04:34.130795,NYC_GOID_000050,Charter Revision Commission,PrincipalOfficerFullName,"Richard R. Buery, Jr.",Alec Schierenbeck,NYCGO_v0_9_Edits_to_Implement.csv,"Set to ""Alec Schierenbeck""",v0_10_recovery_run,direct_set
v0_10_286,2025-06-27T13:04:34.131490,NYC_GOID_000050,Charter Revision Commission,PrincipalOfficerTitle,Chair,Executive Director,NYCGO_v0_9_Edits_to_Implement.csv,"Set to ""Executive Director""",v0_10_recovery_run,direct_set
v0_10_287,2025-06-27T13:04:34.131740,NYC_GOID_000247,Mayor's Committee on City Marshals,PrincipalOfficerFullName,Charles Destefano,Andrew S. Rendeiro,NYCGO_v0_9_Edits_to_Implement.csv,"Set to ""Andrew S. Rendeiro""",v0_10_recovery_run,direct_set
v0_10_288,2025-06-27T13:04:34.132292,NYC_GOID_000247,Mayor's Committee on City Marshals,PrincipalOfficerTitle,Chair,Chair,NYCGO_v0_9_Edits_to_Implement.csv,"Set to ""Chair""",v0_10_recovery_run,direct_set
v0_10_289,2025-06-27T13:04:34.132521,NYC_GOID_000392,Procurement Policy Board,PrincipalOfficerFullName,Guillermo Chacon,Guillermo Chacón,NYCGO_v0_9_Edits_to_Implement.csv,"Set to ""Guillermo Chacón""",v0_10_recovery_run,direct_set
v0_10_290,2025-06-27T13:04:34.133727,NYC_GOID_100024,New York City Tax Commission,Acronym,TAX,TAXCOMM,NYCGO_v0_9_Edits_to_Implement.csv,"Set to ""TAXCOMM""",v0_10_recovery_run,direct_set
